indicator_group,related_indicator_clean,linked_events,total_links,net_weighted_impact,average_weighted_impact,average_confidence,average_lag_months
USG_P2P_COUNT,USG_P2P_COUNT,3,3,1.875,0.625,0.75,5.0
ACC_OWNERSHIP,ACC_OWNERSHIP,2,2,1.3125,0.65625,0.75,18.0
USG_MPESA_USERS,USG_MPESA_USERS,1,1,1.0,1.0,1.0,3.0
USG_TELEBIRR_USERS,USG_TELEBIRR_USERS,1,1,1.0,1.0,1.0,3.0
AFF_DATA_INCOME,AFF_DATA_INCOME,3,3,0.9375,0.3125,0.9166666666666666,5.333333333333333
ACC_4G_COV,ACC_4G_COV,1,1,0.5625,0.5625,0.75,12.0
ACC_MM_ACCOUNT,ACC_MM_ACCOUNT,1,1,0.5625,0.5625,0.75,6.0
USG_MPESA_ACTIVE,USG_MPESA_ACTIVE,1,1,0.5625,0.5625,0.75,3.0
GEN_GAP_ACC,GEN_GAP_ACC,1,1,-0.5625,-0.5625,0.75,24.0
